title,price,rating,reviews,availability
RPlay Play-Station 4 PS4 1TB Slim Edition Jet Black With 1 Wireless Controller,,4.9 out of 5 stars,10 ratings,Not Available
"Playstation Sony 4, 500GB Slim System [CUH-2215AB01], Black, 3003347",,4.6 out of 5 stars,316 ratings,Not Available
"PS 4 Slim Seyted Upgraded 2TB Console with Wireless Controller, Jet Black",,4.3 out of 5 stars,73 ratings,Not Available
"Uplay Newest Play-Station 4 Console PS.4 with One Wireless Controller, White (Playstation)",,4.8 out of 5 stars,7 ratings,Not Available
Sony Playstation PS4 1TB Black Console,,4.7 out of 5 stars,"1,111 ratings",Only 15 left in stock - order soon
"Newest Sony Playstation 4 PS4 1TB HDD Gaming Console Bundle with Three Games: The Last of Us, God of War, Horizon Zero Dawn, Included Dualshock 4 Wireless Controller",,4.6 out of 5 stars,564 ratings,Not Available
PlayStation 4 Slim 1TB Console,,4.7 out of 5 stars,"15,463 ratings",
PlayStation 4 Slim 500GB Console [Discontinued] (Renewed),,4.5 out of 5 stars,"1,283 ratings",Not Available
PlayStation 4 500GB Console [Old Model][Discontinued],,4.6 out of 5 stars,"13,679 ratings",Only 10 left in stock - order soon
PlayStation 4 Slim 1TB Console - Only On PlayStation Bundle,,4.8 out of 5 stars,"8,896 ratings",Only 1 left in stock - order soon
Sony PlayStation 4 Pro 1TB Console - Black (PS4 Pro),,4.5 out of 5 stars,"4,213 ratings",Only 1 left in stock - order soon
Meta Quest 2 — Advanced All-In-One Virtual Reality Headset — 256 GB Get Meta Quest 2 with GOLF+ and Space Pirate Trainer DX included,,4.7 out of 5 stars,"82,593 ratings",In Stock
Psikyo Shooting Library Vol. 1 - PlayStation 4,,Previous page of related Sponsored Products,,"This item will be released on August 18, 2023."
DualShock 4 Wireless Controller for PlayStation 4 - Jet Black,,4.7 out of 5 stars,"123,196 ratings",Not Available
Psikyo Shooting Library Vol. 2 - PlayStation 4,,Previous page of related Sponsored Products,,"This item will be released on August 18, 2023."
PlayStation PS5 Console – God of War Ragnarök Bundle,,4.8 out of 5 stars,"14,442 ratings",In Stock
Guil Vim Racing Wheel Stand Steering Wheel Stand Shifter Mount Adjustable Racing Stand for Logitech G29 G920 G27 G25 G923 Supporting Thrustmaster T248X T248 T300 T150 458 TX Xbox PS4 PS5 PC,,Previous page of related Sponsored Products,,Not Available
"MOOGOLE PS4 Controller Wireless, with USB Cable/1000mAh Battery/Dual Vibration/6-Axis Motion Control/3.5mm Audio Jack/Multi Touch Pad/Share Button, PS4 Controller Compatible with PS4/Slim/Pro/PC",,4.2 out of 5 stars,808 ratings,Not Available
"2.4GHz/Bluetooth Wireless Gaming Headset for PlayStation 5 4, Gamer Headphones with Detachable Microphone for PS5, PS4, PC, Switch, Ultra-low Latency, 30 Hours Playtime, Wired Mode for Xbox Series",,4.3 out of 5 stars,136 ratings,Not Available
DC's Justice League: Cosmic Chaos - PlayStation 4,,4.0 out of 5 stars,15 ratings,In Stock
"Gazzyt G27 Sim Racing Cockpit Frame Racing on PC, Xbox and PS4 Games fit for Logitech G25 G29 G920 Thrustmaster T300 Fanatec Simulation Driving Bracket Only Included Stand",,Previous page of related Sponsored Products,,Not Available
